[
    {"key":0,"X":0,"Y":0},
    {"key":1,"X":100,"Y":0},
    {"key":2,"X":200,"Y":0},
    {"key":3,"X":300,"Y":0},
    {"key":4,"X":400,"Y":0},
    {"key":5,"X":500,"Y":0},
    {"key":6,"X":0,"Y":100},
    {"key":7,"X":100,"Y":100},
    {"key":8,"X":200,"Y":100},
    {"key":9,"X":300,"Y":100},
    {"key":10,"X":400,"Y":100},
    {"key":11,"X":500,"Y":100},
    {"key":12,"X":0,"Y":200},
    {"key":13,"X":100,"Y":200},
    {"key":14,"X":200,"Y":200},
    {"key":15,"X":300,"Y":200},
    {"key":16,"X":400,"Y":200},
    {"key":17,"X":500,"Y":200},
    {"key":18,"X":0,"Y":300},
    {"key":19,"X":100,"Y":300},
    {"key":20,"X":200,"Y":300},
    {"key":21,"X":300,"Y":300},
    {"key":22,"X":400,"Y":300},
    {"key":23,"X":500,"Y":300},
    {"key":24,"X":0,"Y":400},
    {"key":25,"X":100,"Y":400},
    {"key":26,"X":200,"Y":400},
    {"key":27,"X":300,"Y":400},
    {"key":28,"X":400,"Y":400},
    {"key":29,"X":500,"Y":400},
    {"key":30,"X":0,"Y":500},
    {"key":31,"X":100,"Y":500},
    {"key":32,"X":200,"Y":500},
    {"key":33,"X":300,"Y":500},
    {"key":34,"X":400,"Y":500},
    {"key":35,"X":500,"Y":500}
]